timestamp,frame,dt_ms,mode,pipeline,run_tag,centroid_u,centroid_v,ekf_x,ekf_y,ekf_z,ekf_vx,ekf_vy,ekf_vz,ekf_uncertainty,depth_metric,servo_dx_mm,servo_dy_mm,servo_dz_mm,err_m,iter_time_ms,robot_x_mm,robot_y_mm,robot_z_mm,fp_raw_x,fp_raw_y,fp_raw_z
1776646939.620290,1,100.6,detect,foundationpose,cardboard_box_fp,603,456,-0.032984,0.085133,0.619895,0.000000,0.000000,0.000000,0.3,0.6198948621749878,0.00,0.00,0.00,0.000000,2652.6,205.26,5.57,-52.85,-0.032984,0.085133,0.619895
1776646942.273189,2,2652.9,track,foundationpose,cardboard_box_fp,602,457,-0.033277,0.085546,0.619550,-0.000110,0.000155,-0.000128,0.013856281529357771,0.6195500493049622,0.00,0.00,0.00,0.000000,61.4,205.26,5.57,-52.85,-0.033277,0.085546,0.619550
1776646942.334835,3,61.6,track,foundationpose,cardboard_box_fp,603,457,-0.033095,0.085480,0.619585,0.001766,-0.000601,0.000315,0.011983601456038712,0.6195981502532959,0.00,0.00,0.00,0.000000,31.0,205.26,5.57,-52.85,-0.033030,0.085454,0.619598
1776646942.366082,4,31.2,track,foundationpose,cardboard_box_fp,603,457,-0.033122,0.085495,0.619587,0.000923,-0.000253,0.000236,0.010769554403059356,0.6195822358131409,0.00,0.00,0.00,0.000000,28.5,205.26,5.57,-52.85,-0.033177,0.085518,0.619582
1776646942.394854,5,28.8,track,foundationpose,cardboard_box_fp,603,456,-0.033123,0.085431,0.619584,0.000657,-0.000801,0.000137,0.01013149683891908,0.619575023651123,0.00,0.00,0.00,0.000000,31.9,205.26,5.57,-52.85,-0.033148,0.085381,0.619575
1776646942.427221,6,32.4,track,foundationpose,cardboard_box_fp,603,457,-0.033069,0.085460,0.619546,0.000937,-0.000326,-0.000226,0.009898851185294873,0.6195060014724731,0.00,0.00,0.00,0.000000,31.4,205.26,5.57,-52.85,-0.033038,0.085514,0.619506
1776646942.458964,7,31.7,track,foundationpose,cardboard_box_fp,603,457,-0.033018,0.085500,0.619571,0.001099,0.000049,0.000020,0.009594215338280677,0.619606077671051,0.00,0.00,0.00,0.000000,26.1,205.26,5.57,-52.85,-0.032995,0.085554,0.619606
1776646942.485370,8,26.4,track,foundationpose,cardboard_box_fp,603,457,-0.033063,0.085638,0.619535,0.000585,0.001001,-0.000237,0.009091862289498506,0.6194862723350525,0.00,0.00,0.00,0.000000,16.5,205.26,5.57,-52.85,-0.033161,0.085819,0.619486
1776646942.502151,9,16.8,track,foundationpose,cardboard_box_fp,603,456,-0.033017,0.085547,0.619569,0.000825,0.000277,0.000019,0.008356674743241777,0.6196354031562805,0.00,0.00,0.00,0.000000,14.7,205.26,5.57,-52.85,-0.032955,0.085358,0.619635
1776646942.517119,10,15.0,track,foundationpose,cardboard_box_fp,603,457,-0.033056,0.085514,0.619603,0.000488,0.000033,0.000240,0.007835124609742877,0.6196739077568054,0.00,0.00,0.00,0.000000,16.3,205.26,5.57,-52.85,-0.033166,0.085435,0.619674
1776646942.533682,11,16.6,track,foundationpose,cardboard_box_fp,602,457,-0.033159,0.085506,0.619603,-0.000228,-0.000021,0.000218,0.007573978803514613,0.619595468044281,0.00,0.00,0.00,0.000000,14.0,205.26,5.57,-52.85,-0.033419,0.085486,0.619595
1776646942.547895,12,14.2,track,foundationpose,cardboard_box_fp,602,457,-0.033243,0.085491,0.619607,-0.000745,-0.000112,0.000225,0.007293434614507832,0.619610071182251,0.00,0.00,0.00,0.000000,16.8,205.26,5.57,-52.85,-0.033455,0.085454,0.619610
1776646942.564964,13,17.1,track,foundationpose,cardboard_box_fp,602,457,-0.033243,0.085508,0.619603,-0.000664,0.000005,0.000175,0.007230283090785183,0.6195822954177856,0.00,0.00,0.00,0.000000,14.8,205.26,5.57,-52.85,-0.033208,0.085557,0.619582
1776646942.579944,14,15.0,track,foundationpose,cardboard_box_fp,603,457,-0.033201,0.085525,0.619614,-0.000342,0.000111,0.000224,0.007088294859234957,0.6196362972259521,0.00,0.00,0.00,0.000000,17.4,205.25,5.59,-52.85,-0.033056,0.085573,0.619636
1776646942.597613,15,17.7,track,foundationpose,cardboard_box_fp,603,457,-0.033122,0.085543,0.619615,0.000182,0.000208,0.000205,0.007105608490483673,0.619606077671051,0.00,0.00,0.00,0.000000,14.0,205.25,5.59,-52.85,-0.032883,0.085587,0.619606
1776646942.611794,16,14.2,track,foundationpose,cardboard_box_fp,603,457,-0.033079,0.085526,0.619635,0.000431,0.000085,0.000311,0.0069576117704816766,0.6196866035461426,0.00,0.00,0.00,0.000000,16.1,205.25,5.59,-52.85,-0.032958,0.085466,0.619687
1776646942.628121,17,16.3,track,foundationpose,cardboard_box_fp,603,457,-0.033020,0.085559,0.619628,0.000740,0.000280,0.000236,0.006946987624210984,0.6195907592773438,0.00,0.00,0.00,0.000000,13.9,205.25,5.59,-52.85,-0.032867,0.085655,0.619591
1776646942.642243,18,14.1,track,foundationpose,cardboard_box_fp,603,457,-0.033029,0.085555,0.619644,0.000627,0.000231,0.000315,0.006839369582242478,0.6196846961975098,0.00,0.00,0.00,0.000000,16.4,205.25,5.59,-52.85,-0.033087,0.085530,0.619685
1776646942.658914,19,16.7,track,foundationpose,cardboard_box_fp,603,457,-0.033001,0.085608,0.619643,0.000727,0.000522,0.000278,0.006873719245505162,0.6196241974830627,0.00,0.00,0.00,0.000000,14.2,205.25,5.59,-52.85,-0.032950,0.085757,0.619624
1776646942.673321,20,14.4,track,foundationpose,cardboard_box_fp,602,457,-0.033063,0.085646,0.619650,0.000300,0.000702,0.000291,0.006795812058061585,0.6196568608283997,0.00,0.00,0.00,0.000000,15.4,205.25,5.59,-52.85,-0.033291,0.085742,0.619657
1776646942.689057,21,15.7,track,foundationpose,cardboard_box_fp,603,457,-0.033075,0.085619,0.619640,0.000201,0.000481,0.000208,0.00679766117161714,0.6195952892303467,0.00,0.00,0.00,0.000000,15.3,205.25,5.59,-52.85,-0.033128,0.085501,0.619595
1776646942.704601,22,15.5,track,foundationpose,cardboard_box_fp,603,457,-0.033072,0.085590,0.619646,0.000199,0.000265,0.000223,0.0067884838662025625,0.6196539998054504,0.00,0.00,0.00,0.000000,15.0,205.25,5.59,-52.85,-0.033074,0.085473,0.619654
1776646942.719850,23,15.2,track,foundationpose,cardboard_box_fp,603,457,-0.033055,0.085606,0.619651,0.000282,0.000336,0.000234,0.006767650687013739,0.6196568608283997,0.00,0.00,0.00,0.000000,15.5,205.25,5.59,-52.85,-0.033010,0.085645,0.619657
1776646942.735528,24,15.7,track,foundationpose,cardboard_box_fp,602,457,-0.033087,0.085575,0.619664,0.000068,0.000126,0.000287,0.006770284401671106,0.6196928024291992,0.00,0.00,0.00,0.000000,13.2,205.25,5.59,-52.85,-0.033204,0.085461,0.619693
1776646942.749210,25,13.7,track,foundationpose,cardboard_box_fp,603,456,-0.033106,0.085540,0.619672,-0.000047,-0.000088,0.000310,0.0066850005773997166,0.6196844577789307,0.00,0.00,0.00,0.000000,15.4,205.25,5.59,-52.85,-0.033171,0.085420,0.619684
1776646942.764865,26,15.7,track,foundationpose,cardboard_box_fp,603,456,-0.033121,0.085491,0.619671,-0.000128,-0.000367,0.000276,0.006710515295176187,0.6196519136428833,0.00,0.00,0.00,0.000000,13.6,205.25,5.59,-52.85,-0.033166,0.085335,0.619652
1776646942.778687,27,13.8,track,foundationpose,cardboard_box_fp,602,456,-0.033158,0.085434,0.619676,-0.000335,-0.000673,0.000285,0.006648711252333738,0.6196812391281128,0.00,0.00,0.00,0.000000,15.5,205.25,5.59,-52.85,-0.033276,0.085258,0.619681
1776646942.794394,28,15.7,track,foundationpose,cardboard_box_fp,603,457,-0.033095,0.085434,0.619671,0.000065,-0.000611,0.000228,0.006687060956479255,0.6196383237838745,0.00,0.00,0.00,0.000000,14.4,205.25,5.59,-52.85,-0.032869,0.085469,0.619638
1776646942.808957,29,14.6,track,foundationpose,cardboard_box_fp,603,457,-0.033056,0.085454,0.619674,0.000284,-0.000442,0.000230,0.006664104748589349,0.6196755766868591,0.00,0.00,0.00,0.000000,16.5,205.25,5.59,-52.85,-0.032931,0.085550,0.619676
1776646942.825731,30,16.8,track,foundationpose,cardboard_box_fp,603,457,-0.032894,0.085567,0.619656,0.001199,0.000256,0.000099,0.006743025402782731,0.6195827126502991,0.00,0.00,0.00,0.000000,14.8,205.25,5.59,-52.85,-0.032385,0.085955,0.619583
1776646942.840714,31,15.0,track,foundationpose,cardboard_box_fp,603,457,-0.032775,0.085606,0.619639,0.001779,0.000462,-0.000008,0.006719860696222378,0.619579017162323,0.00,0.00,0.00,0.000000,15.9,205.25,5.59,-52.85,-0.032450,0.085721,0.619579
1776646942.856821,32,16.1,track,foundationpose,cardboard_box_fp,604,457,-0.032568,0.085689,0.619647,0.002814,0.000898,0.000041,0.006751319694547584,0.6196742653846741,0.00,0.00,0.00,0.000000,15.7,205.25,5.59,-52.85,-0.031993,0.085931,0.619674
1776646942.872779,33,16.0,track,foundationpose,cardboard_box_fp,604,457,-0.032346,0.085660,0.619620,0.003833,0.000649,-0.000118,0.006765900596756006,0.6195321679115295,0.00,0.00,0.00,0.000000,15.2,205.25,5.59,-52.85,-0.031782,0.085522,0.619532
1776646942.888276,34,15.5,track,foundationpose,cardboard_box_fp,604,457,-0.032089,0.085741,0.619651,0.004975,0.001058,0.000070,0.006755555757017907,0.6197555661201477,0.00,0.00,0.00,0.000000,16.3,205.25,10.76,-52.85,-0.031454,0.085968,0.619756
1776646942.904781,35,16.5,track,foundationpose,cardboard_box_fp,605,456,-0.031774,0.085661,0.619682,0.006315,0.000498,0.000244,0.0067908110996968,0.6197776198387146,0.00,0.00,0.00,0.000000,15.4,205.25,10.76,-52.85,-0.031037,0.085353,0.619778
1776646942.920415,36,15.6,track,foundationpose,cardboard_box_fp,605,457,-0.031572,0.085658,0.619718,0.006908,0.000433,0.000424,0.006777371937089779,0.6198176145553589,0.00,0.00,0.00,0.000000,16.4,205.25,10.76,-52.85,-0.031244,0.085622,0.619818
1776646942.937043,37,16.6,track,foundationpose,cardboard_box_fp,606,457,-0.031211,0.085626,0.619758,0.008318,0.000211,0.000618,0.006809849373612799,0.6198644042015076,0.00,0.00,0.00,0.000000,20.9,205.25,10.76,-52.85,-0.030439,0.085505,0.619864
1776646942.958220,38,21.2,track,foundationpose,cardboard_box_fp,607,457,-0.030620,0.085645,0.619818,0.010678,0.000291,0.000883,0.007021682560512953,0.6199531555175781,0.00,0.00,0.00,0.000000,15.0,205.25,10.76,-52.85,-0.029417,0.085686,0.619953
1776646942.973433,39,15.2,track,foundationpose,cardboard_box_fp,607,457,-0.030139,0.085640,0.619841,0.012483,0.000240,0.000939,0.006912693038283606,0.6198707818984985,0.00,0.00,0.00,0.000000,15.7,205.25,10.76,-52.85,-0.029179,0.085613,0.619871
1776646942.989398,40,16.0,track,foundationpose,cardboard_box_fp,608,456,-0.029575,0.085543,0.619832,0.014550,-0.000332,0.000801,0.006869657596710982,0.6197577118873596,0.00,0.00,0.00,0.000000,16.1,205.25,10.76,-52.85,-0.028458,0.085234,0.619758
1776646943.005703,41,16.3,track,foundationpose,cardboard_box_fp,608,456,-0.029173,0.085493,0.619816,0.015486,-0.000584,0.000634,0.006854753794848661,0.6197251081466675,0.00,0.00,0.00,0.000000,14.6,205.25,10.76,-52.85,-0.028665,0.085357,0.619725
1776646943.020524,42,14.8,track,foundationpose,cardboard_box_fp,607,456,-0.028926,0.085418,0.619842,0.015589,-0.000964,0.000728,0.006782519996502555,0.6198940277099609,0.00,0.00,0.00,0.000000,15.2,205.25,10.76,-52.85,-0.028869,0.085207,0.619894
1776646943.035993,43,15.5,track,foundationpose,cardboard_box_fp,609,456,-0.028431,0.085395,0.619871,0.017036,-0.001011,0.000832,0.006761241449557077,0.6199290156364441,0.00,0.00,0.00,0.000000,14.1,205.25,10.76,-52.85,-0.027620,0.085368,0.619929
1776646943.050398,44,14.4,track,foundationpose,cardboard_box_fp,609,456,-0.028104,0.085262,0.619890,0.017507,-0.001693,0.000874,0.006702449194480662,0.6199147701263428,0.00,0.00,0.00,0.000000,16.0,205.25,10.76,-52.85,-0.027835,0.084873,0.619915
1776646943.066602,45,16.2,track,foundationpose,cardboard_box_fp,610,456,-0.027583,0.085186,0.619924,0.018870,-0.001971,0.000987,0.0067396390907822875,0.6199873089790344,0.00,0.00,0.00,0.000000,13.3,205.25,10.76,-52.85,-0.026817,0.085029,0.619987
1776646943.080165,46,13.6,track,foundationpose,cardboard_box_fp,610,456,-0.027170,0.085181,0.619932,0.019777,-0.001844,0.000956,0.006653331222492692,0.6199146509170532,0.00,0.00,0.00,0.000000,16.6,205.25,10.76,-52.85,-0.026645,0.085255,0.619915
1776646943.097020,47,16.9,track,foundationpose,cardboard_box_fp,611,456,-0.026659,0.085119,0.619897,0.020800,-0.002021,0.000660,0.006735464263515413,0.6197307109832764,0.00,0.00,0.00,0.000000,14.2,205.25,10.76,-52.85,-0.026086,0.085020,0.619731
1776646943.111496,48,14.5,track,foundationpose,cardboard_box_fp,610,456,-0.026345,0.085072,0.619910,0.020873,-0.002123,0.000680,0.006690918524910007,0.6199214458465576,0.00,0.00,0.00,0.000000,16.1,205.25,10.76,-52.85,-0.026304,0.085014,0.619921
1776646943.127803,49,16.3,track,foundationpose,cardboard_box_fp,611,456,-0.025900,0.085070,0.619938,0.021481,-0.001939,0.000777,0.006738825635279118,0.6199921369552612,0.00,0.00,0.00,0.000000,14.3,205.25,10.76,-52.85,-0.025560,0.085173,0.619992
1776646943.142281,50,14.5,track,foundationpose,cardboard_box_fp,611,456,-0.025530,0.085080,0.619978,0.021819,-0.001715,0.000945,0.006693711162332977,0.6200735569000244,0.00,0.00,0.00,0.000000,16.0,205.25,10.76,-52.85,-0.025338,0.085208,0.620074
1776646943.158558,51,16.3,track,foundationpose,cardboard_box_fp,612,456,-0.025159,0.085085,0.619994,0.021910,-0.001525,0.000948,0.006739683463834905,0.6199961304664612,0.00,0.00,0.00,0.000000,16.2,205.25,10.76,-52.85,-0.025108,0.085191,0.619996
1776646943.174982,52,16.4,track,foundationpose,cardboard_box_fp,612,456,-0.024878,0.085070,0.620004,0.021458,-0.001469,0.000913,0.006777411667233528,0.6199845671653748,0.00,0.00,0.00,0.000000,17.8,205.25,10.76,-52.85,-0.025127,0.085101,0.619985
1776646943.192984,53,18.0,track,foundationpose,cardboard_box_fp,612,456,-0.024587,0.085052,0.619963,0.020912,-0.001422,0.000588,0.00686938742111488,0.619789183139801,0.00,0.00,0.00,0.000000,15.8,205.26,13.57,-52.85,-0.024878,0.085077,0.619789
1776646943.208969,54,16.0,track,foundationpose,cardboard_box_fp,612,456,-0.024442,0.084967,0.619912,0.019829,-0.001777,0.000238,0.006845387222139607,0.6197227835655212,0.00,0.00,0.00,0.000000,16.6,205.26,13.57,-52.85,-0.025027,0.084775,0.619723
1776646943.225818,55,16.8,track,foundationpose,cardboard_box_fp,612,456,-0.024179,0.085012,0.619918,0.019421,-0.001349,0.000253,0.00686449100888709,0.6199264526367188,0.00,0.00,0.00,0.000000,14.7,205.26,13.57,-52.85,-0.024398,0.085242,0.619926
1776646943.240728,56,14.9,track,foundationpose,cardboard_box_fp,612,456,-0.024154,0.085048,0.619939,0.017906,-0.001027,0.000349,0.006795017709738194,0.6199918389320374,0.00,0.00,0.00,0.000000,16.1,205.26,13.57,-52.85,-0.024991,0.085226,0.619992
1776646943.257057,57,16.3,track,foundationpose,cardboard_box_fp,612,456,-0.024044,0.084972,0.619920,0.016862,-0.001367,0.000207,0.006807479761983323,0.6198416352272034,0.00,0.00,0.00,0.000000,15.1,205.26,13.57,-52.85,-0.024618,0.084785,0.619842
1776646943.272408,58,15.4,track,foundationpose,cardboard_box_fp,613,456,-0.023889,0.085063,0.619938,0.016268,-0.000724,0.000295,0.006774754636466513,0.6199876070022583,0.00,0.00,0.00,0.000000,15.6,205.26,13.57,-52.85,-0.024219,0.085421,0.619988
1776646943.288380,59,16.0,track,foundationpose,cardboard_box_fp,612,456,-0.023881,0.084984,0.619912,0.014827,-0.001110,0.000119,0.006778988783531365,0.6198145151138306,0.00,0.00,0.00,0.000000,16.2,205.26,13.57,-52.85,-0.024681,0.084770,0.619815
1776646943.304880,60,16.5,track,foundationpose,cardboard_box_fp,612,456,-0.023843,0.085063,0.620016,0.013645,-0.000551,0.000699,0.006804528404090846,0.620334267616272,0.00,0.00,0.00,0.000000,15.2,205.26,13.57,-52.85,-0.024492,0.085371,0.620334
1776646943.320346,61,15.5,track,foundationpose,cardboard_box_fp,612,456,-0.023875,0.085126,0.620025,0.012252,-0.000145,0.000693,0.006778247717297911,0.6200217008590698,0.00,0.00,0.00,0.000000,15.6,205.26,13.57,-52.85,-0.024647,0.085351,0.620022
1776646943.336169,62,15.8,detect,foundationpose,cardboard_box_fp,612,456,-0.023907,0.085149,0.620024,0.010952,-0.000001,0.000625,0.0067755339400523105,0.6199866533279419,0.00,0.00,0.00,0.000000,1308.4,205.26,13.57,-52.85,-0.024629,0.085228,0.619987
1776646944.644777,63,1308.6,track,foundationpose,cardboard_box_fp,612,455,-0.024181,0.084521,0.619836,0.000658,-0.000443,-0.000084,0.013726255825606288,0.6198168992996216,0.00,0.00,0.00,0.000000,51.1,205.26,13.56,-52.85,-0.024459,0.084509,0.619817
1776646944.696141,64,51.4,track,foundationpose,cardboard_box_fp,613,456,-0.024078,0.084701,0.619880,0.001122,0.000923,0.000241,0.010966376547250793,0.61990886926651,0.00,0.00,0.00,0.000000,27.5,205.26,13.56,-52.85,-0.024037,0.084822,0.619909
1776646944.724009,65,27.9,track,foundationpose,cardboard_box_fp,613,456,-0.023968,0.084919,0.619839,0.001803,0.002573,-0.000170,0.00987985603150799,0.6197923421859741,0.00,0.00,0.00,0.000000,28.0,205.26,13.56,-52.85,-0.023891,0.085106,0.619792
1776646944.752270,66,28.3,track,foundationpose,cardboard_box_fp,613,456,-0.024002,0.085124,0.619769,0.001037,0.003753,-0.000756,0.009548883968943472,0.6196962594985962,0.00,0.00,0.00,0.000000,26.3,205.26,13.56,-52.85,-0.024097,0.085270,0.619696
1776646944.778791,67,26.5,track,foundationpose,cardboard_box_fp,613,456,-0.023993,0.085208,0.619824,0.000883,0.003621,-0.000108,0.009281595007107296,0.6199171543121338,0.00,0.00,0.00,0.000000,30.5,205.26,13.56,-52.85,-0.024015,0.085189,0.619917
1776646944.809559,68,30.8,track,foundationpose,cardboard_box_fp,613,456,-0.023891,0.084980,0.619750,0.001463,0.000977,-0.000662,0.00926512650827078,0.6196616291999817,0.00,0.00,0.00,0.000000,30.7,205.26,13.56,-52.85,-0.023799,0.084560,0.619662
1776646944.840539,69,31.0,track,foundationpose,cardboard_box_fp,613,456,-0.023842,0.085068,0.619676,0.001490,0.001386,-0.001038,0.009143684041419473,0.6196063756942749,0.00,0.00,0.00,0.000000,22.6,205.26,13.56,-52.85,-0.023837,0.085144,0.619606
1776646944.863418,70,22.9,track,foundationpose,cardboard_box_fp,613,456,-0.024017,0.085179,0.619705,0.000105,0.001908,-0.000688,0.008647490627448025,0.6197875142097473,0.00,0.00,0.00,0.000000,13.3,205.26,13.56,-52.85,-0.024345,0.085302,0.619788
1776646944.876939,71,13.5,track,foundationpose,cardboard_box_fp,613,457,-0.023986,0.085322,0.619696,0.000299,0.002671,-0.000687,0.007937075289794383,0.6196960210800171,0.00,0.00,0.00,0.000000,15.4,205.26,13.56,-52.85,-0.023924,0.085563,0.619696
1776646944.892611,72,15.7,track,foundationpose,cardboard_box_fp,613,456,-0.024048,0.085317,0.619691,-0.000127,0.002374,-0.000648,0.007591584543736542,0.6197049617767334,0.00,0.00,0.00,0.000000,14.5,205.26,13.56,-52.85,-0.024203,0.085209,0.619705
1776646944.907347,73,14.7,track,foundationpose,cardboard_box_fp,612,456,-0.024134,0.085352,0.619709,-0.000662,0.002373,-0.000472,0.007323069982481342,0.6197812557220459,0.00,0.00,0.00,0.000000,14.5,205.26,13.56,-52.85,-0.024352,0.085352,0.619781
1776646944.922275,74,14.9,track,foundationpose,cardboard_box_fp,611,456,-0.024443,0.085367,0.619718,-0.002538,0.002243,-0.000370,0.007150533815610473,0.619763195514679,0.00,0.00,0.00,0.000000,15.9,205.26,13.56,-52.85,-0.025268,0.085310,0.619763
1776646944.938416,75,16.1,track,foundationpose,cardboard_box_fp,612,456,-0.024555,0.085252,0.619733,-0.002978,0.001307,-0.000242,0.007084447587403158,0.6197915077209473,0.00,0.00,0.00,0.000000,17.0,205.26,13.56,-52.85,-0.024755,0.084826,0.619792
1776646944.955862,76,17.4,track,foundationpose,cardboard_box_fp,611,456,-0.024826,0.085267,0.619700,-0.004316,0.001257,-0.000420,0.007091573991475006,0.6196178793907166,0.00,0.00,0.00,0.000000,15.1,205.26,9.51,-52.85,-0.025441,0.085244,0.619618
1776646944.971183,77,15.3,track,foundationpose,cardboard_box_fp,611,457,-0.024983,0.085341,0.619722,-0.004870,0.001587,-0.000247,0.0069970879950454,0.6198054552078247,0.00,0.00,0.00,0.000000,14.9,205.26,9.51,-52.85,-0.025249,0.085499,0.619805
1776646944.986281,78,15.1,track,foundationpose,cardboard_box_fp,611,456,-0.025108,0.085293,0.619679,-0.005180,0.001157,-0.000484,0.006919039708356453,0.6195599436759949,0.00,0.00,0.00,0.000000,15.1,205.26,9.51,-52.85,-0.025263,0.085078,0.619560
1776646945.001617,79,15.3,track,foundationpose,cardboard_box_fp,610,456,-0.025493,0.085222,0.619637,-0.007007,0.000626,-0.000688,0.0068727163964199655,0.6195331811904907,0.00,0.00,0.00,0.000000,12.9,205.26,9.51,-52.85,-0.026428,0.084950,0.619533
1776646945.014715,80,13.1,track,foundationpose,cardboard_box_fp,610,456,-0.025728,0.085136,0.619616,-0.007862,0.000061,-0.000759,0.006740579096131757,0.619577944278717,0.00,0.00,0.00,0.000000,21.7,205.26,9.51,-52.85,-0.026190,0.084830,0.619578
1776646945.036672,81,22.0,track,foundationpose,cardboard_box_fp,610,456,-0.026158,0.085126,0.619571,-0.009378,-0.000007,-0.000927,0.007030299159571395,0.6194883584976196,0.00,0.00,0.00,0.000000,16.0,205.26,9.51,-52.85,-0.026903,0.085093,0.619488
1776646945.052922,82,16.2,track,foundationpose,cardboard_box_fp,610,456,-0.026400,0.085078,0.619546,-0.009898,-0.000283,-0.000986,0.006975920145901034,0.6195164322853088,0.00,0.00,0.00,0.000000,15.4,205.26,9.51,-52.85,-0.026663,0.084938,0.619516
1776646945.068574,83,15.7,track,foundationpose,cardboard_box_fp,609,456,-0.026823,0.085086,0.619529,-0.011450,-0.000211,-0.000995,0.006910438549061235,0.6195240020751953,0.00,0.00,0.00,0.000000,14.5,205.26,9.51,-52.85,-0.027631,0.085123,0.619524
1776646945.083316,84,14.7,track,foundationpose,cardboard_box_fp,609,456,-0.027124,0.085116,0.619493,-0.012214,-0.000017,-0.001120,0.006825282625468657,0.6194251775741577,0.00,0.00,0.00,0.000000,14.9,205.26,9.51,-52.85,-0.027536,0.085221,0.619425
1776646945.098477,85,15.2,track,foundationpose,cardboard_box_fp,608,456,-0.027490,0.085124,0.619480,-0.013262,0.000029,-0.001094,0.006784037390022394,0.6194944977760315,0.00,0.00,0.00,0.000000,12.8,205.26,9.51,-52.85,-0.028064,0.085149,0.619494
1776646945.111501,86,13.0,track,foundationpose,cardboard_box_fp,609,457,-0.027702,0.085195,0.619447,-0.013491,0.000441,-0.001206,0.006663695232447021,0.6193829774856567,0.00,0.00,0.00,0.000000,15.7,205.26,9.51,-52.85,-0.027834,0.085431,0.619383
1776646945.127504,87,16.0,track,foundationpose,cardboard_box_fp,607,457,-0.028205,0.085258,0.619423,-0.015156,0.000765,-0.001232,0.006708870843156266,0.619408130645752,0.00,0.00,0.00,0.000000,13.8,205.26,9.51,-52.85,-0.029141,0.085441,0.619408
1776646945.141537,88,14.0,track,foundationpose,cardboard_box_fp,607,457,-0.028585,0.085416,0.619406,-0.016133,0.001621,-0.001230,0.006655719036344136,0.6194067597389221,0.00,0.00,0.00,0.000000,15.7,205.26,9.51,-52.85,-0.029145,0.085907,0.619407
1776646945.157494,89,16.0,track,foundationpose,cardboard_box_fp,607,457,-0.028901,0.085491,0.619375,-0.016473,0.001904,-0.001295,0.006701996137294563,0.6193383932113647,0.00,0.00,0.00,0.000000,14.2,205.26,9.51,-52.85,-0.029093,0.085651,0.619338
1776646945.171950,90,14.5,track,foundationpose,cardboard_box_fp,607,457,-0.029146,0.085535,0.619341,-0.016510,0.002003,-0.001387,0.006669453634890524,0.6192880272865295,0.00,0.00,0.00,0.000000,13.7,205.26,9.51,-52.85,-0.029167,0.085592,0.619288
1776646945.185887,91,13.9,track,foundationpose,cardboard_box_fp,607,457,-0.029333,0.085529,0.619333,-0.016259,0.001803,-0.001320,0.006624403784787521,0.6193716526031494,0.00,0.00,0.00,0.000000,15.1,205.26,9.51,-52.85,-0.029187,0.085413,0.619372
1776646945.201196,92,15.3,track,foundationpose,cardboard_box_fp,606,456,-0.029700,0.085491,0.619373,-0.016948,0.001421,-0.000967,0.006652623356882961,0.6195753216743469,0.00,0.00,0.00,0.000000,13.0,205.26,9.51,-52.85,-0.030095,0.085271,0.619575
1776646945.214443,93,13.2,track,foundationpose,cardboard_box_fp,606,456,-0.029915,0.085428,0.619357,-0.016894,0.000942,-0.000985,0.006583183756601825,0.6193469166755676,0.00,0.00,0.00,0.000000,16.0,205.26,9.51,-52.85,-0.029883,0.085146,0.619347
1776646945.230723,94,16.3,track,foundationpose,cardboard_box_fp,606,456,-0.030217,0.085417,0.619350,-0.017051,0.000791,-0.000933,0.006666299710409771,0.6193798184394836,0.00,0.00,0.00,0.000000,13.1,205.26,9.51,-52.85,-0.030307,0.085331,0.619380
1776646945.244071,95,13.3,track,foundationpose,cardboard_box_fp,606,457,-0.030459,0.085460,0.619372,-0.017136,0.000979,-0.000731,0.006597290444119278,0.6194905638694763,0.00,0.00,0.00,0.000000,14.8,205.26,9.51,-52.85,-0.030509,0.085570,0.619491
1776646945.259176,96,15.1,track,foundationpose,cardboard_box_fp,605,457,-0.030764,0.085520,0.619367,-0.017405,0.001245,-0.000695,0.006625308207283977,0.6193880438804626,0.00,0.00,0.00,0.000000,15.0,205.26,5.57,-52.85,-0.030920,0.085675,0.619388
1776646945.274369,97,15.2,track,foundationpose,cardboard_box_fp,605,456,-0.030931,0.085510,0.619419,-0.016837,0.001074,-0.000333,0.006648620592103849,0.6196269989013672,0.00,0.00,0.00,0.000000,16.2,205.26,5.57,-52.85,-0.030606,0.085411,0.619627
1776646945.290771,98,16.4,track,foundationpose,cardboard_box_fp,604,456,-0.031327,0.085391,0.619423,-0.017534,0.000281,-0.000276,0.006716654119780265,0.6194552779197693,0.00,0.00,0.00,0.000000,14.8,205.26,5.57,-52.85,-0.031718,0.084946,0.619455
1776646945.305783,99,15.0,track,foundationpose,cardboard_box_fp,605,457,-0.031455,0.085407,0.619415,-0.016749,0.000349,-0.000300,0.0067030568526163185,0.6194013357162476,0.00,0.00,0.00,0.000000,15.0,205.26,5.57,-52.85,-0.031013,0.085445,0.619401
1776646945.321138,100,15.4,track,foundationpose,cardboard_box_fp,605,457,-0.031556,0.085498,0.619470,-0.015842,0.000843,0.000043,0.006707758431239795,0.6196630597114563,0.00,0.00,0.00,0.000000,15.0,205.26,5.57,-52.85,-0.031044,0.085777,0.619663
1776646945.336377,101,15.2,track,foundationpose,cardboard_box_fp,605,457,-0.031575,0.085520,0.619499,-0.014553,0.000896,0.000206,0.006705532871065422,0.6195911169052124,0.00,0.00,0.00,0.000000,14.8,205.26,5.57,-52.85,-0.030846,0.085549,0.619591
1776646945.351603,102,15.2,track,foundationpose,cardboard_box_fp,604,456,-0.031813,0.085435,0.619494,-0.014652,0.000329,0.000162,0.006703075966199823,0.6194692254066467,0.00,0.00,0.00,0.000000,15.3,205.26,5.57,-52.85,-0.031869,0.085114,0.619469
1776646945.367127,103,15.5,track,foundationpose,cardboard_box_fp,604,456,-0.031917,0.085404,0.619507,-0.013939,0.000119,0.000221,0.0067138686887474016,0.6195400953292847,0.00,0.00,0.00,0.000000,12.7,205.26,5.57,-52.85,-0.031515,0.085286,0.619540
1776646945.380063,104,12.9,track,foundationpose,cardboard_box_fp,604,456,-0.032118,0.085343,0.619515,-0.014057,-0.000243,0.000253,0.006609965963547762,0.6195338368415833,0.00,0.00,0.00,0.000000,16.0,205.26,5.57,-52.85,-0.032187,0.085130,0.619534
1776646945.396323,105,16.3,track,foundationpose,cardboard_box_fp,604,456,-0.032307,0.085334,0.619529,-0.013825,-0.000274,0.000308,0.006681222228483512,0.6195603609085083,0.00,0.00,0.00,0.000000,13.8,205.26,5.57,-52.85,-0.032174,0.085316,0.619560
1776646945.410360,106,14.0,track,foundationpose,cardboard_box_fp,604,457,-0.032286,0.085368,0.619534,-0.012582,-0.000055,0.000313,0.006635294590035169,0.6195366978645325,0.00,0.00,0.00,0.000000,15.0,205.26,5.57,-52.85,-0.031566,0.085494,0.619537
1776646945.425617,107,15.3,track,foundationpose,cardboard_box_fp,604,457,-0.032297,0.085385,0.619569,-0.011529,0.000051,0.000489,0.0066561676824075195,0.6196699142456055,0.00,0.00,0.00,0.000000,13.2,205.26,5.57,-52.85,-0.031691,0.085446,0.619670
1776646945.439045,108,13.4,track,foundationpose,cardboard_box_fp,604,456,-0.032335,0.085392,0.619584,-0.010851,0.000091,0.000539,0.006592020592243873,0.61961430311203,0.00,0.00,0.00,0.000000,13.6,205.26,5.57,-52.85,-0.031936,0.085416,0.619614
1776646945.452932,109,13.9,track,foundationpose,cardboard_box_fp,604,457,-0.032293,0.085402,0.619596,-0.009733,0.000137,0.000566,0.0065674356583174396,0.619611918926239,0.00,0.00,0.00,0.000000,14.9,205.26,5.57,-52.85,-0.031631,0.085430,0.619612
1776646945.468037,110,15.1,track,foundationpose,cardboard_box_fp,604,456,-0.032365,0.085389,0.619579,-0.009293,0.000052,0.000418,0.006603755946852429,0.6194930076599121,0.00,0.00,0.00,0.000000,13.1,205.26,5.57,-52.85,-0.032108,0.085339,0.619493
1776646945.481380,111,13.3,track,foundationpose,cardboard_box_fp,605,457,-0.032188,0.085513,0.619612,-0.007537,0.000770,0.000577,0.006553015906980771,0.619707465171814,0.00,0.00,0.00,0.000000,15.6,205.26,5.57,-52.85,-0.031144,0.085939,0.619707
1776646945.497269,112,15.9,track,foundationpose,cardboard_box_fp,604,457,-0.032133,0.085651,0.619605,-0.006515,0.001502,0.000480,0.006628481042211673,0.6195483803749084,0.00,0.00,0.00,0.000000,12.9,205.26,5.57,-52.85,-0.031543,0.086074,0.619548
1776646945.510369,113,13.1,track,foundationpose,cardboard_box_fp,604,457,-0.032184,0.085695,0.619616,-0.006315,0.001645,0.000507,0.006560144392298599,0.6196322441101074,0.00,0.00,0.00,0.000000,15.5,205.26,5.57,-52.85,-0.032066,0.085779,0.619632
1776646945.526166,114,15.8,track,foundationpose,cardboard_box_fp,605,457,-0.032084,0.085767,0.619662,-0.005149,0.001915,0.000729,0.006629597214348361,0.6197896003723145,0.00,0.00,0.00,0.000000,13.6,205.26,5.57,-52.85,-0.031411,0.085923,0.619790
1776646945.540018,115,13.9,track,foundationpose,cardboard_box_fp,604,457,-0.032097,0.085812,0.619681,-0.004808,0.002021,0.000780,0.0065936626422928605,0.6197105050086975,0.00,0.00,0.00,0.000000,14.4,205.26,5.57,-52.85,-0.031897,0.085873,0.619711
1776646945.554693,116,14.7,track,foundationpose,cardboard_box_fp,604,457,-0.032054,0.085885,0.619668,-0.004147,0.002278,0.000638,0.006604152793649162,0.6195854544639587,0.00,0.00,0.00,0.000000,15.9,205.26,5.57,-52.85,-0.031668,0.086035,0.619585
1776646945.570810,117,16.1,track,foundationpose,cardboard_box_fp,604,457,-0.032057,0.085938,0.619713,-0.003775,0.002372,0.000839,0.0066737860624458845,0.6198269724845886,0.00,0.00,0.00,0.000000,15.5,205.26,5.57,-52.85,-0.031846,0.085992,0.619827
1776646945.586596,118,15.8,track,foundationpose,cardboard_box_fp,604,457,-0.032147,0.085901,0.619670,-0.003950,0.001936,0.000517,0.006707161240482753,0.6194889545440674,0.00,0.00,0.00,0.000000,15.5,205.26,5.57,-52.85,-0.032245,0.085655,0.619489
1776646945.602374,119,15.8,track,foundationpose,cardboard_box_fp,604,457,-0.032168,0.085901,0.619665,-0.003711,0.001764,0.000441,0.006728956274028758,0.619623064994812,0.00,0.00,0.00,0.000000,14.0,205.26,5.57,-52.85,-0.032034,0.085805,0.619623
1776646945.616628,120,14.3,track,foundationpose,cardboard_box_fp,604,457,-0.032175,0.085878,0.619629,-0.003448,0.001482,0.000193,0.006677834547635295,0.619486927986145,0.00,0.00,0.00,0.000000,15.0,205.26,5.57,-52.85,-0.032025,0.085717,0.619487
1776646945.631898,121,15.3,track,foundationpose,cardboard_box_fp,604,456,-0.032197,0.085742,0.619618,-0.003269,0.000567,0.000114,0.006685747428512646,0.6195731163024902,0.00,0.00,0.00,0.000000,13.1,205.26,5.57,-52.85,-0.032095,0.085221,0.619573
1776646945.645267,122,13.4,track,foundationpose,cardboard_box_fp,604,457,-0.032133,0.085750,0.619650,-0.002647,0.000565,0.000292,0.006609347760615816,0.6197545528411865,0.00,0.00,0.00,0.000000,16.9,205.26,5.57,-52.85,-0.031769,0.085748,0.619755
1776646945.662449,123,17.2,detect,foundationpose,cardboard_box_fp,603,457,-0.032271,0.085758,0.619716,-0.003183,0.000557,0.000645,0.006720546140385311,0.6199148297309875,0.00,0.00,0.00,0.000000,953.5,205.26,5.57,-52.85,-0.032573,0.085753,0.619915
1776646946.616205,124,953.8,track,foundationpose,cardboard_box_fp,603,466,-0.032444,0.093510,0.619330,-0.000495,0.007337,-0.000296,0.013622986823260404,0.6192951202392578,0.00,0.00,0.00,0.000000,46.3,205.26,5.57,-44.85,-0.032345,0.093759,0.619295
1776646946.662766,125,46.6,track,foundationpose,cardboard_box_fp,604,466,-0.032209,0.093796,0.619311,0.000918,0.007033,-0.000320,0.01066306126204548,0.6193084120750427,0.00,0.00,0.00,0.000000,28.2,205.26,5.57,-44.85,-0.032032,0.093758,0.619308
1776646946.691321,126,28.6,track,foundationpose,cardboard_box_fp,604,466,-0.032182,0.093748,0.619228,0.000928,0.005150,-0.000881,0.009619970448886402,0.6191486716270447,0.00,0.00,0.00,0.000000,26.9,205.26,5.57,-44.85,-0.032180,0.093480,0.619149
1776646946.718437,127,27.1,track,foundationpose,cardboard_box_fp,604,466,-0.032129,0.093947,0.619300,0.001155,0.005645,-0.000083,0.00925117249887886,0.6194199323654175,0.00,0.00,0.00,0.000000,24.1,205.26,5.57,-44.85,-0.032095,0.094021,0.619420
1776646946.742800,128,24.4,track,foundationpose,cardboard_box_fp,604,466,-0.032053,0.094016,0.619295,0.001550,0.005076,-0.000109,0.008958523873458378,0.6192909479141235,0.00,0.00,0.00,0.000000,27.5,205.26,5.57,-44.85,-0.031987,0.093919,0.619291
1776646946.770544,129,27.7,track,foundationpose,cardboard_box_fp,603,465,-0.032187,0.093610,0.619345,0.000179,0.000831,0.000300,0.008928586579546512,0.6194190979003906,0.00,0.00,0.00,0.000000,28.8,205.26,5.57,-44.85,-0.032435,0.092841,0.619419
1776646946.799545,130,29.0,track,foundationpose,cardboard_box_fp,604,466,-0.032148,0.093855,0.619442,0.000417,0.002408,0.000934,0.008888022653712663,0.6195691227912903,0.00,0.00,0.00,0.000000,26.6,205.26,5.57,-44.85,-0.032101,0.094170,0.619569
1776646946.826657,131,27.1,track,foundationpose,cardboard_box_fp,603,466,-0.032345,0.093915,0.619427,-0.000964,0.002373,0.000663,0.008700219075669802,0.6193642616271973,0.00,0.00,0.00,0.000000,15.1,205.26,5.57,-44.85,-0.032664,0.093907,0.619364
1776646946.842005,132,15.3,track,foundationpose,cardboard_box_fp,603,466,-0.032393,0.093798,0.619501,-0.001181,0.001385,0.001077,0.008047417532256403,0.6196267008781433,0.00,0.00,0.00,0.000000,15.9,205.26,5.57,-44.85,-0.032459,0.093498,0.619627
1776646946.858280,133,16.3,track,foundationpose,cardboard_box_fp,604,466,-0.032257,0.093906,0.619536,-0.000198,0.001923,0.001190,0.007684162067024897,0.6195763945579529,0.00,0.00,0.00,0.000000,14.0,205.26,5.57,-44.85,-0.031909,0.094097,0.619576
1776646946.872472,134,14.2,track,foundationpose,cardboard_box_fp,603,466,-0.032310,0.093918,0.619490,-0.000512,0.001829,0.000794,0.007355738392269829,0.6193296909332275,0.00,0.00,0.00,0.000000,13.7,205.26,5.57,-44.85,-0.032438,0.093880,0.619330
1776646946.886456,135,14.0,track,foundationpose,cardboard_box_fp,604,465,-0.032253,0.093718,0.619542,-0.000112,0.000420,0.001048,0.007127666707610636,0.619654655456543,0.00,0.00,0.00,0.000000,14.0,205.26,5.57,-44.85,-0.032075,0.093090,0.619655
1776646946.900737,136,14.3,track,foundationpose,cardboard_box_fp,604,466,-0.032226,0.093835,0.619591,0.000070,0.001112,0.001260,0.006985081352801104,0.6196914315223694,0.00,0.00,0.00,0.000000,12.7,205.26,5.57,-44.85,-0.032139,0.094162,0.619691
1776646946.913672,137,12.9,track,foundationpose,cardboard_box_fp,603,466,-0.032253,0.093868,0.619549,-0.000109,0.001228,0.000901,0.006825564882578988,0.6193687915802002,0.00,0.00,0.00,0.000000,17.2,205.26,5.57,-44.85,-0.032344,0.093927,0.619369
1776646946.931004,138,17.3,track,foundationpose,cardboard_box_fp,604,465,-0.032201,0.093744,0.619600,0.000225,0.000336,0.001118,0.006909333292024373,0.6197070479393005,0.00,0.00,0.00,0.000000,13.8,205.26,5.57,-44.85,-0.032036,0.093304,0.619707
1776646946.945046,139,14.0,track,foundationpose,cardboard_box_fp,604,466,-0.032159,0.093847,0.619596,0.000464,0.000931,0.000997,0.006816884915479292,0.6195343136787415,0.00,0.00,0.00,0.000000,14.6,205.26,5.57,-44.85,-0.032036,0.094153,0.619534
1776646946.959889,140,14.8,track,foundationpose,cardboard_box_fp,603,466,-0.032231,0.093859,0.619546,-0.000013,0.000922,0.000601,0.006785649497031798,0.6193379759788513,0.00,0.00,0.00,0.000000,13.2,205.26,5.57,-44.85,-0.032480,0.093854,0.619338
1776646946.973369,141,13.5,track,foundationpose,cardboard_box_fp,604,466,-0.032095,0.093912,0.619566,0.000808,0.001166,0.000674,0.006701149545099645,0.6196058392524719,0.00,0.00,0.00,0.000000,14.9,205.26,5.57,-44.85,-0.031649,0.094044,0.619606
1776646946.988610,142,15.2,track,foundationpose,cardboard_box_fp,603,466,-0.032272,0.093916,0.619510,-0.000331,0.001085,0.000279,0.006718093851024063,0.6192956566810608,0.00,0.00,0.00,0.000000,17.2,205.26,5.57,-44.85,-0.032889,0.093872,0.619296
1776646947.006027,143,17.4,track,foundationpose,cardboard_box_fp,603,466,-0.032333,0.093892,0.619498,-0.000659,0.000830,0.000178,0.006822074652539302,0.6194451451301575,0.00,0.00,0.00,0.000000,15.1,205.26,5.57,-44.85,-0.032506,0.093758,0.619445
1776646947.021472,144,15.4,track,foundationpose,cardboard_box_fp,603,466,-0.032345,0.093882,0.619461,-0.000668,0.000692,-0.000056,0.006804130433833692,0.6193365454673767,0.00,0.00,0.00,0.000000,17.5,205.26,5.57,-44.85,-0.032349,0.093808,0.619337
1776646947.039163,145,17.7,track,foundationpose,cardboard_box_fp,603,466,-0.032372,0.093897,0.619459,-0.000758,0.000711,-0.000063,0.006885180295259034,0.6194555163383484,0.00,0.00,0.00,0.000000,14.9,205.26,5.57,-44.85,-0.032419,0.093907,0.619456
1776646947.054375,146,15.2,track,foundationpose,cardboard_box_fp,603,466,-0.032420,0.093903,0.619460,-0.000969,0.000685,-0.000051,0.006830856361190595,0.619466245174408,0.00,0.00,0.00,0.000000,15.5,205.26,5.57,-44.85,-0.032533,0.093890,0.619466
1776646947.070104,147,15.7,track,foundationpose,cardboard_box_fp,603,466,-0.032472,0.093855,0.619436,-0.001183,0.000341,-0.000185,0.0068136985002203365,0.6193640232086182,0.00,0.00,0.00,0.000000,16.0,205.26,5.57,-44.85,-0.032588,0.093669,0.619364
1776646947.086432,148,16.3,track,foundationpose,cardboard_box_fp,603,466,-0.032481,0.093853,0.619421,-0.001126,0.000300,-0.000257,0.006825811381522925,0.6193817257881165,0.00,0.00,0.00,0.000000,18.3,205.26,5.57,-44.85,-0.032450,0.093831,0.619382
1776646947.104958,149,18.5,track,foundationpose,cardboard_box_fp,603,466,-0.032479,0.093845,0.619398,-0.000990,0.000220,-0.000359,0.006925387900764146,0.6193452477455139,0.00,0.00,0.00,0.000000,19.6,205.26,5.57,-44.85,-0.032408,0.093803,0.619345
1776646947.124771,150,19.8,track,foundationpose,cardboard_box_fp,603,466,-0.032502,0.093828,0.619382,-0.001011,0.000097,-0.000412,0.007043267682003207,0.619354784488678,0.00,0.00,0.00,0.000000,14.5,205.26,5.57,-44.85,-0.032513,0.093766,0.619355
1776646947.139600,151,14.8,track,foundationpose,cardboard_box_fp,603,465,-0.032506,0.093624,0.619350,-0.000952,-0.001065,-0.000558,0.006911674637516765,0.6192727088928223,0.00,0.00,0.00,0.000000,14.3,205.26,5.57,-44.85,-0.032475,0.093007,0.619273
1776646947.154117,152,14.5,track,foundationpose,cardboard_box_fp,603,466,-0.032491,0.093697,0.619338,-0.000787,-0.000564,-0.000580,0.006808685678493821,0.6193258762359619,0.00,0.00,0.00,0.000000,14.9,205.26,5.57,-44.85,-0.032400,0.093973,0.619326
1776646947.169219,153,15.1,track,foundationpose,cardboard_box_fp,604,466,-0.032446,0.093746,0.619352,-0.000458,-0.000234,-0.000450,0.006763456362754365,0.61942458152771,0.00,0.00,0.00,0.000000,16.0,205.26,5.57,-44.85,-0.032261,0.093931,0.619425
1776646947.185456,154,16.2,track,foundationpose,cardboard_box_fp,604,465,-0.032341,0.093579,0.619368,0.000182,-0.001166,-0.000317,0.006781436425202063,0.6194421052932739,0.00,0.00,0.00,0.000000,15.5,205.26,5.57,-44.85,-0.031985,0.093062,0.619442
1776646947.201137,155,15.7,track,foundationpose,cardboard_box_fp,604,466,-0.032257,0.093716,0.619405,0.000647,-0.000278,-0.000079,0.006770975557958767,0.6195371150970459,0.00,0.00,0.00,0.000000,13.3,205.26,5.57,-44.85,-0.031999,0.094211,0.619537
1776646947.214682,156,13.5,track,foundationpose,cardboard_box_fp,604,466,-0.032219,0.093772,0.619394,0.000813,0.000066,-0.000136,0.006673465791822999,0.6193604469299316,0.00,0.00,0.00,0.000000,15.1,205.26,5.57,-44.85,-0.032124,0.093971,0.619360
1776646947.230008,157,15.3,track,foundationpose,cardboard_box_fp,604,465,-0.032182,0.093638,0.619410,0.000956,-0.000716,-0.000030,0.006683076292121429,0.6194703578948975,0.00,0.00,0.00,0.000000,12.8,205.26,5.57,-44.85,-0.032101,0.093190,0.619470
1776646947.243077,158,13.1,track,foundationpose,cardboard_box_fp,604,466,-0.032118,0.093725,0.619415,0.001258,-0.000156,0.000001,0.0065937788203106395,0.6194334030151367,0.00,0.00,0.00,0.000000,15.7,205.26,5.57,-44.85,-0.031939,0.094055,0.619433
1776646947.258993,159,15.9,track,foundationpose,cardboard_box_fp,604,466,-0.032106,0.093702,0.619381,0.001211,-0.000278,-0.000194,0.006655403105335889,0.6192688941955566,0.00,0.00,0.00,0.000000,12.6,205.26,5.57,-44.85,-0.032133,0.093632,0.619269
1776646947.271837,160,12.8,track,foundationpose,cardboard_box_fp,603,466,-0.032148,0.093764,0.619400,0.000872,0.000104,-0.000072,0.006566438697148414,0.6194719672203064,0.00,0.00,0.00,0.000000,14.1,205.26,5.57,-44.85,-0.032350,0.093990,0.619472
1776646947.286095,161,14.3,track,foundationpose,cardboard_box_fp,604,466,-0.032138,0.093832,0.619406,0.000860,0.000496,-0.000027,0.006566252750759567,0.6194328665733337,0.00,0.00,0.00,0.000000,15.6,205.26,5.57,-44.85,-0.032145,0.094064,0.619433
1776646947.301930,162,15.8,track,foundationpose,cardboard_box_fp,604,466,-0.032088,0.093851,0.619408,0.001070,0.000563,-0.000012,0.0066354576166504625,0.6194172501564026,0.00,0.00,0.00,0.000000,14.1,205.26,5.57,-44.85,-0.031967,0.093890,0.619417
1776646947.316280,163,14.4,track,foundationpose,cardboard_box_fp,604,465,-0.032053,0.093731,0.619466,0.001189,-0.000189,0.000325,0.006619580647465088,0.6196611523628235,0.00,0.00,0.00,0.000000,14.8,205.26,5.57,-44.85,-0.031984,0.093296,0.619661
1776646947.331345,164,15.1,track,foundationpose,cardboard_box_fp,604,465,-0.032026,0.093619,0.619478,0.001239,-0.000822,0.000368,0.006639410288863059,0.619503378868103,0.00,0.00,0.00,0.000000,13.1,205.26,5.57,-44.85,-0.031997,0.093255,0.619503
1776646947.344676,165,13.3,track,foundationpose,cardboard_box_fp,604,466,-0.031927,0.093713,0.619509,0.001723,-0.000208,0.000516,0.006577938930431001,0.6195952892303467,0.00,0.00,0.00,0.000000,15.5,205.26,5.57,-44.85,-0.031642,0.094075,0.619595
1776646947.360368,166,15.7,track,foundationpose,cardboard_box_fp,603,466,-0.032176,0.093799,0.619467,0.000112,0.000307,0.000223,0.006637523522849126,0.6192982792854309,0.00,0.00,0.00,0.000000,13.4,205.26,5.57,-44.85,-0.033103,0.094095,0.619298
1776646947.374026,167,13.7,track,foundationpose,cardboard_box_fp,603,466,-0.032267,0.093807,0.619472,-0.000429,0.000331,0.000239,0.006590866814207936,0.6194812059402466,0.00,0.00,0.00,0.000000,14.5,205.26,5.57,-44.85,-0.032584,0.093821,0.619481
1776646947.388808,168,14.8,track,foundationpose,cardboard_box_fp,604,465,-0.032250,0.093688,0.619508,-0.000293,-0.000391,0.000428,0.006607023497548635,0.6196180582046509,0.00,0.00,0.00,0.000000,14.9,205.26,5.57,-44.85,-0.032171,0.093267,0.619618
1776646947.403952,169,15.1,track,foundationpose,cardboard_box_fp,604,466,-0.032237,0.093806,0.619527,-0.000190,0.000333,0.000499,0.006633939006640803,0.6195676326751709,0.00,0.00,0.00,0.000000,14.1,205.26,5.57,-44.85,-0.032178,0.094224,0.619568
1776646947.418340,170,14.4,track,foundationpose,cardboard_box_fp,603,466,-0.032285,0.093843,0.619501,-0.000454,0.000517,0.000308,0.006619788045401316,0.6193910241127014,0.00,0.00,0.00,0.000000,15.8,205.26,5.57,-44.85,-0.032438,0.093949,0.619391
1776646947.434428,171,16.1,track,foundationpose,cardboard_box_fp,604,465,-0.032218,0.093703,0.619495,-0.000024,-0.000346,0.000244,0.006683093094153576,0.619458794593811,0.00,0.00,0.00,0.000000,13.8,205.26,5.57,-44.85,-0.031974,0.093213,0.619459
1776646947.448492,172,14.1,track,foundationpose,cardboard_box_fp,604,466,-0.032172,0.093761,0.619502,0.000247,0.000024,0.000263,0.006639216977223015,0.6195125579833984,0.00,0.00,0.00,0.000000,17.1,205.26,5.57,-44.85,-0.032015,0.093975,0.619513
1776646947.465838,173,17.3,track,foundationpose,cardboard_box_fp,604,465,-0.032072,0.093624,0.619522,0.000800,-0.000775,0.000355,0.006749576732172401,0.6195737719535828,0.00,0.00,0.00,0.000000,13.9,205.26,5.57,-44.85,-0.031765,0.093180,0.619574
1776646947.479969,174,14.1,track,foundationpose,cardboard_box_fp,604,466,-0.031955,0.093687,0.619537,0.001411,-0.000348,0.000412,0.006686973574529343,0.6195690631866455,0.00,0.00,0.00,0.000000,17.9,205.26,5.57,-44.85,-0.031607,0.093930,0.619569
1776646947.498081,175,18.1,track,foundationpose,cardboard_box_fp,604,466,-0.031995,0.093766,0.619531,0.001036,0.000147,0.000334,0.006813309954039906,0.6194891333580017,0.00,0.00,0.00,0.000000,13.4,205.26,5.57,-44.85,-0.032199,0.094036,0.619489
1776646947.511737,176,13.7,track,foundationpose,cardboard_box_fp,603,466,-0.032091,0.093784,0.619485,0.000403,0.000236,0.000041,0.00670905790592163,0.6193186044692993,0.00,0.00,0.00,0.000000,14.1,205.26,5.57,-44.85,-0.032449,0.093834,0.619319
1776646947.526110,177,14.4,track,foundationpose,cardboard_box_fp,604,465,-0.032086,0.093677,0.619502,0.000396,-0.000399,0.000140,0.006667428339080294,0.619559109210968,0.00,0.00,0.00,0.000000,13.0,205.26,5.57,-44.85,-0.032090,0.093312,0.619559
1776646947.539323,178,13.2,track,foundationpose,cardboard_box_fp,604,466,-0.032084,0.093800,0.619519,0.000374,0.000344,0.000225,0.006589005668850586,0.6195694208145142,0.00,0.00,0.00,0.000000,13.8,205.26,5.57,-44.85,-0.032097,0.094239,0.619569
1776646947.553431,179,14.1,track,foundationpose,cardboard_box_fp,603,466,-0.032177,0.093856,0.619477,-0.000191,0.000641,-0.000039,0.006573583433513551,0.6193203926086426,0.00,0.00,0.00,0.000000,16.3,205.26,5.57,-44.85,-0.032512,0.094032,0.619320
1776646947.569901,180,16.5,track,foundationpose,cardboard_box_fp,603,466,-0.032263,0.093907,0.619453,-0.000675,0.000877,-0.000171,0.006665921852237255,0.6193782091140747,0.00,0.00,0.00,0.000000,15.1,205.26,5.57,-44.85,-0.032540,0.094043,0.619378
1776646947.585205,181,15.3,track,foundationpose,cardboard_box_fp,603,466,-0.032311,0.093930,0.619439,-0.000892,0.000930,-0.000241,0.006680018659612762,0.6193987727165222,0.00,0.00,0.00,0.000000,18.1,205.26,5.57,-44.85,-0.032434,0.093960,0.619399
1776646947.603580,182,18.4,track,foundationpose,cardboard_box_fp,604,465,-0.032215,0.093756,0.619480,-0.000243,-0.000173,0.000023,0.006820691039817296,0.619623064994812,0.00,0.00,0.00,0.000000,17.7,205.26,5.57,-44.85,-0.031863,0.093158,0.619623
1776646947.621532,183,18.0,track,foundationpose,cardboard_box_fp,604,466,-0.032100,0.093796,0.619495,0.000441,0.000076,0.000105,0.006896854773786213,0.6195386052131653,0.00,0.00,0.00,0.000000,19.8,205.26,5.57,-44.85,-0.031737,0.093928,0.619539
1776646947.641581,184,20.0,detect,foundationpose,cardboard_box_fp,603,466,-0.032278,0.093874,0.619544,-0.000622,0.000510,0.000374,0.007033120141960786,0.6196805834770203,7.50,3.87,-4.50,0.287243,1612.8,205.26,5.56,-52.85,-0.032817,0.094094,0.619681
1776646949.254946,185,1613.4,track,foundationpose,cardboard_box_fp,607,454,-0.028377,0.081888,0.613632,-0.009856,0.007115,0.019982,0.013770122424386284,0.614057183265686,7.50,3.41,-4.50,0.277512,687.6,220.26,12.84,-61.85,-0.028577,0.082031,0.614057
1776646949.942832,186,687.9,track,foundationpose,cardboard_box_fp,617,448,-0.020416,0.075975,0.606549,0.000021,0.006419,0.014808,0.01380030149050425,0.6065189838409424,7.50,2.45,-4.50,0.268340,671.5,227.76,15.29,-66.35,-0.020360,0.075971,0.606519
1776646950.614587,187,671.8,track,foundationpose,cardboard_box_fp,622,443,-0.015608,0.071149,0.599007,-0.000953,0.007740,0.013830,0.013732730822257122,0.5989946126937866,7.50,1.87,-4.50,0.259442,673.9,235.26,17.17,-70.85,-0.015620,0.071166,0.598995
1776646951.288808,188,674.2,track,foundationpose,cardboard_box_fp,627,440,-0.011222,0.067418,0.591672,0.000196,0.009372,0.014104,0.013730761712036825,0.5916752219200134,7.50,1.35,-4.50,0.251150,620.7,242.76,18.51,-75.35,-0.011207,0.067439,0.591675
1776646951.909733,189,620.9,track,foundationpose,cardboard_box_fp,628,435,-0.009602,0.062295,0.583837,-0.001756,0.006908,0.012485,0.0137101206293483,0.5838136672973633,7.50,1.15,-4.50,0.242183,625.7,250.26,19.66,-79.85,-0.009630,0.062260,0.583814
1776646952.535674,190,625.9,track,foundationpose,cardboard_box_fp,630,428,-0.007945,0.055849,0.577083,-0.001229,0.004845,0.014099,0.013703343503616993,0.577107310295105,7.50,0.95,-4.50,0.233985,622.2,257.76,20.62,-84.35,-0.007937,0.055818,0.577107
1776646953.158244,191,622.6,track,foundationpose,cardboard_box_fp,632,422,-0.006126,0.050521,0.569682,-0.000320,0.006338,0.013176,0.01370252852968914,0.5696682333946228,7.50,0.74,-4.50,0.225500,621.2,265.26,21.35,-88.85,-0.006113,0.050544,0.569668
1776646953.779621,192,621.4,track,foundationpose,cardboard_box_fp,634,412,-0.005116,0.042174,0.563113,-0.000793,0.001877,0.014347,0.01370139361357274,0.5631310939788818,7.50,0.61,-4.50,0.217306,622.5,272.75,21.97,-93.35,-0.005124,0.042106,0.563131
1776646954.402330,193,622.7,track,foundationpose,cardboard_box_fp,635,403,-0.003808,0.034404,0.556050,-0.000001,0.002481,0.013702,0.013701786506194018,0.556040346622467,7.50,0.46,-4.13,0.208937,622.7,280.25,22.42,-97.48,-0.003796,0.034413,0.556040
1776646955.025329,194,623.0,track,foundationpose,cardboard_box_fp,636,397,-0.002916,0.028560,0.547863,-0.000085,0.004258,0.011978,0.013702153398173034,0.5478368997573853,7.50,0.35,-3.43,0.199935,620.1,287.75,22.77,-100.91,-0.002917,0.028587,0.547837
1776646955.645775,195,620.4,track,foundationpose,cardboard_box_fp,637,391,-0.002549,0.023609,0.540225,-0.000543,0.003498,0.012644,0.013701026863185823,0.5402353405952454,7.50,0.31,-2.83,0.191702,625.4,295.25,23.08,-103.74,-0.002556,0.023598,0.540235
1776646956.271383,196,625.6,track,foundationpose,cardboard_box_fp,637,386,-0.002536,0.019849,0.533362,-0.000969,0.003438,0.013939,0.013702953574904484,0.5333812236785889,7.50,0.30,-2.38,0.184450,622.5,302.75,23.38,-106.12,-0.002542,0.019849,0.533381
1776646956.894115,197,622.7,track,foundationpose,cardboard_box_fp,638,381,-0.001738,0.016150,0.525505,0.000187,0.002093,0.012484,0.013702542131286521,0.525483250617981,7.50,0.21,-1.94,0.176255,619.9,310.25,23.59,-108.06,-0.001721,0.016130,0.525483
1776646957.514235,198,620.1,track,foundationpose,cardboard_box_fp,637,378,-0.002100,0.013364,0.518767,-0.001183,0.001976,0.014026,0.013700836203761835,0.5187903046607971,7.50,0.25,-1.60,0.169308,623.1,317.75,23.84,-109.66,-0.002121,0.013363,0.518790
1776646958.137579,199,623.3,track,foundationpose,cardboard_box_fp,638,373,-0.001589,0.009471,0.510851,-0.000097,-0.000714,0.012414,0.013701856237744219,0.5108268857002258,7.50,0.19,-1.14,0.161138,621.3,325.25,24.04,-110.80,-0.001573,0.009430,0.510827
1776646958.759182,200,621.6,track,foundationpose,cardboard_box_fp,638,368,-0.001447,0.005609,0.503642,-0.000387,-0.002313,0.013338,0.013701617400133405,0.5036558508872986,7.50,0.17,-0.67,0.153751,619.5,332.75,24.21,-111.47,-0.001452,0.005585,0.503656
1776646959.378901,201,619.7,track,foundationpose,cardboard_box_fp,639,362,-0.000602,0.001253,0.497000,0.000708,-0.004624,0.014221,0.013700439398993151,0.49701350927352905,7.50,0.07,-0.15,0.147007,624.3,340.25,24.28,-111.62,-0.000586,0.001218,0.497014
1776646960.003431,202,624.5,track,foundationpose,cardboard_box_fp,639,359,-0.000979,-0.000395,0.488674,-0.000743,-0.002299,0.011834,0.013702326342134911,0.48863810300827026,7.50,0.12,0.05,0.138678,621.4,347.75,24.40,-111.58,-0.001001,-0.000360,0.488638
1776646960.625042,203,621.6,track,foundationpose,cardboard_box_fp,640,352,0.000223,-0.005242,0.481179,0.001394,-0.007589,0.012870,0.013701831346944152,0.4811946153640747,7.50,-0.03,0.63,0.131284,619.7,355.25,24.37,-110.95,0.000255,-0.005322,0.481195
1776646961.244944,204,619.9,track,foundationpose,cardboard_box_fp,640,351,-0.000087,-0.006208,0.474225,-0.000292,-0.003911,0.013723,0.01370053010210844,0.4742380380630493,7.50,0.01,0.74,0.124380,624.5,362.75,24.38,-110.20,-0.000112,-0.006152,0.474238
1776646961.869701,205,624.8,track,foundationpose,cardboard_box_fp,641,347,0.000694,-0.008476,0.466628,0.001117,-0.005971,0.012897,0.013702463455787161,0.4666151702404022,7.50,-0.08,1.02,0.116937,622.1,370.25,24.30,-109.19,0.000715,-0.008507,0.466615
1776646962.492042,206,622.3,track,foundationpose,cardboard_box_fp,641,341,0.000680,-0.012298,0.459435,0.000311,-0.009300,0.013407,0.013702209356019715,0.45944279432296753,7.50,-0.08,1.48,0.110126,619.8,377.75,24.22,-107.71,0.000668,-0.012348,0.459443
1776646963.112090,207,620.0,track,foundationpose,cardboard_box_fp,640,343,0.000311,-0.010806,0.451749,-0.000281,-0.002957,0.012657,0.013700729840543092,0.4517376720905304,7.50,-0.04,1.30,0.102322,622.9,385.25,24.18,-106.41,0.000302,-0.010710,0.451738
1776646963.735193,208,623.1,track,foundationpose,cardboard_box_fp,641,345,0.000561,-0.009754,0.443606,0.000472,-0.002655,0.011978,0.013701730798656931,0.4435955584049225,7.50,-0.07,1.17,0.094114,621.5,392.75,24.11,-105.24,0.000572,-0.009750,0.443596
1776646964.356910,209,621.7,track,foundationpose,cardboard_box_fp,642,349,0.001290,-0.006928,0.436614,0.001337,0.000429,0.013638,0.013701627049164649,0.4366389811038971,7.50,-0.15,0.83,0.086900,620.7,400.25,23.96,-104.41,0.001303,-0.006882,0.436639
1776646964.977869,210,621.0,track,foundationpose,cardboard_box_fp,640,349,0.000282,-0.006977,0.430186,-0.000948,-0.002636,0.014582,0.013701037444912885,0.4302002787590027,7.50,-0.03,0.84,0.080489,622.1,407.75,23.92,-103.57,0.000247,-0.007023,0.430200
1776646965.600173,211,622.3,track,foundationpose,cardboard_box_fp,641,348,0.000749,-0.007117,0.422588,0.000746,-0.002990,0.012907,0.013701521822314692,0.4225625991821289,7.50,-0.09,0.85,0.072940,620.6,415.25,23.83,-102.72,0.000775,-0.007122,0.422563
1776646966.220958,212,620.8,track,foundationpose,cardboard_box_fp,641,351,0.000757,-0.005383,0.414873,0.000340,-0.000245,0.012594,0.013701054563637615,0.4148682653903961,7.50,-0.09,0.65,0.065100,571.1,422.75,23.74,-102.07,0.000751,-0.005341,0.414868
1776646966.792422,213,571.5,track,foundationpose,cardboard_box_fp,641,352,0.000702,-0.004737,0.407538,0.000217,-0.000967,0.012195,0.01367501480405319,0.4075313210487366,7.50,-0.08,0.57,0.057737,620.7,430.25,23.66,-101.51,0.000700,-0.004749,0.407531
1776646967.413396,214,621.0,track,foundationpose,cardboard_box_fp,641,353,0.000420,-0.003945,0.399507,-0.000146,-0.000644,0.012077,0.013691661646724362,0.39950522780418396,7.50,-0.05,0.47,0.049666,623.3,437.75,23.61,-101.03,0.000414,-0.003940,0.399505
1776646968.036925,215,623.5,track,foundationpose,cardboard_box_fp,641,354,0.000796,-0.003116,0.391457,0.000712,-0.000274,0.012088,0.01370191526665372,0.39145687222480774,7.50,-0.10,0.37,0.041581,622.2,445.25,23.51,-100.66,0.000809,-0.003110,0.391457
1776646968.659397,216,622.5,track,foundationpose,cardboard_box_fp,643,356,0.001640,-0.002191,0.383085,0.001612,0.000207,0.011586,0.013702054549988674,0.3830774128437042,6.97,-0.20,0.26,0.033198,569.2,452.22,23.32,-100.40,0.001654,-0.002183,0.383077
1776646969.228819,217,569.4,track,foundationpose,cardboard_box_fp,643,356,0.001662,-0.002149,0.376704,0.000761,-0.000731,0.011997,0.013674168251893831,0.3767112195491791,6.20,-0.20,0.26,0.026842,570.2,458.42,23.12,-100.14,0.001648,-0.002165,0.376711
1776646969.799196,218,570.4,track,foundationpose,cardboard_box_fp,645,354,0.002369,-0.002987,0.370248,0.001814,-0.002202,0.009570,0.01366334276721823,0.3702051043510437,5.43,-0.28,0.36,0.020604,519.4,463.85,22.83,-99.78,0.002387,-0.003013,0.370205
1776646970.318882,219,519.7,track,foundationpose,cardboard_box_fp,646,357,0.003124,-0.001751,0.363727,0.002348,0.000885,0.005904,0.013627644655386906,0.36365580558776855,4.65,-0.37,0.21,0.014186,472.0,468.50,22.46,-99.57,0.003134,-0.001692,0.363656
1776646970.791155,220,472.3,track,foundationpose,cardboard_box_fp,645,359,0.002676,-0.000701,0.359495,0.000522,0.001454,0.006463,0.013569118592656082,0.3595072031021118,4.14,-0.32,0.08,0.009889,469.5,472.64,22.14,-99.49,0.002635,-0.000688,0.359507
1776646971.260879,221,469.7,track,foundationpose,cardboard_box_fp,644,358,0.001838,-0.001106,0.356585,-0.000571,-0.000840,0.007471,0.013549870331105723,0.3566095232963562,0.00,0.00,0.00,0.006925,14.2,472.64,22.14,-99.49,0.001811,-0.001162,0.356610
1776646971.275324,222,14.4,track,foundationpose,cardboard_box_fp,643,358,0.001658,-0.001098,0.356508,-0.001061,-0.000782,0.006942,0.00991240070333085,0.35633212327957153,0.00,0.00,0.00,0.006925,16.4,472.64,22.14,-99.49,0.001495,-0.001079,0.356332
1776646971.291911,223,16.6,track,foundationpose,cardboard_box_fp,643,358,0.001608,-0.000988,0.356467,-0.001211,-0.000215,0.006219,0.008522646376200252,0.3562088906764984,0.00,0.00,0.00,0.006925,14.8,472.64,22.14,-99.49,0.001555,-0.000786,0.356209
1776646971.306957,224,15.0,track,foundationpose,cardboard_box_fp,643,357,0.001622,-0.001098,0.356417,-0.001013,-0.000875,0.005330,0.007847195998813396,0.35611340403556824,0.00,0.00,0.00,0.006925,15.2,472.64,22.14,-99.49,0.001689,-0.001323,0.356113
1776646971.322440,225,15.5,track,foundationpose,cardboard_box_fp,643,359,0.001633,-0.000977,0.356414,-0.000815,0.000121,0.004696,0.007564441822023729,0.35621294379234314,0.00,0.00,0.00,0.006925,14.9,472.64,22.14,-99.49,0.001696,-0.000661,0.356213
1776646971.337558,226,15.1,track,foundationpose,cardboard_box_fp,643,358,0.001616,-0.000982,0.356330,-0.000851,0.000070,0.003437,0.007437617728717489,0.35594606399536133,0.00,0.00,0.00,0.006925,13.1,472.64,22.14,-99.49,0.001605,-0.000997,0.355946
1776646971.350928,227,13.4,track,foundationpose,cardboard_box_fp,643,358,0.001590,-0.000993,0.356295,-0.000969,-0.000033,0.002765,0.007292887161606526,0.3560860753059387,0.00,0.00,0.00,0.006925,16.3,472.64,22.14,-99.49,0.001554,-0.001025,0.356086
1776646971.367474,228,16.5,track,foundationpose,cardboard_box_fp,644,357,0.001634,-0.001126,0.356161,-0.000467,-0.001140,0.001259,0.007380430163738815,0.35570648312568665,0.00,0.00,0.00,0.006925,14.7,472.64,22.14,-99.49,0.001786,-0.001460,0.355706
1776646971.382410,229,14.9,track,foundationpose,cardboard_box_fp,643,359,0.001603,-0.001013,0.356060,-0.000668,-0.000079,0.000278,0.007340467353637142,0.3557526767253876,0.00,0.00,0.00,0.006925,16.3,472.64,22.14,-99.49,0.001540,-0.000680,0.355753
1776646971.398933,230,16.5,track,foundationpose,cardboard_box_fp,643,357,0.001589,-0.001118,0.355930,-0.000694,-0.000894,-0.000781,0.0073790038538304415,0.3555901050567627,0.00,0.00,0.00,0.006925,14.1,472.64,22.14,-99.49,0.001580,-0.001379,0.355590
1776646971.413229,231,14.3,track,foundationpose,cardboard_box_fp,644,357,0.001646,-0.001223,0.355863,-0.000184,-0.001595,-0.001208,0.00726432228898618,0.3557142913341522,0.00,0.00,0.00,0.006925,16.8,472.64,22.14,-99.49,0.001823,-0.001467,0.355714
1776646971.430305,232,17.1,track,foundationpose,cardboard_box_fp,643,358,0.001666,-0.001154,0.355767,-0.000013,-0.000898,-0.001753,0.007305416273697436,0.35557234287261963,0.00,0.00,0.00,0.006925,13.0,472.64,22.14,-99.49,0.001727,-0.000905,0.355572
1776646971.443626,233,13.3,track,foundationpose,cardboard_box_fp,643,358,0.001666,-0.001129,0.355705,-0.000012,-0.000635,-0.002029,0.007125030748309407,0.35559573769569397,0.00,0.00,0.00,0.006925,15.1,472.64,22.14,-99.49,0.001667,-0.001025,0.355596
1776646971.459039,234,15.4,track,foundationpose,cardboard_box_fp,643,357,0.001693,-0.001233,0.355620,0.000172,-0.001281,-0.002391,0.0070886134291304175,0.35547059774398804,0.00,0.00,0.00,0.006925,13.2,472.64,22.14,-99.49,0.001769,-0.001500,0.355471
1776646971.472497,235,13.5,track,foundationpose,cardboard_box_fp,644,358,0.001748,-0.001206,0.355581,0.000525,-0.000985,-0.002435,0.00695621994774286,0.3555617034435272,0.00,0.00,0.00,0.006925,12.9,472.64,22.14,-99.49,0.001906,-0.001075,0.355562
1776646971.485625,236,13.1,track,foundationpose,cardboard_box_fp,643,358,0.001741,-0.001186,0.355518,0.000431,-0.000767,-0.002638,0.006839770322182299,0.3554219901561737,0.00,0.00,0.00,0.006925,13.7,472.64,22.14,-99.49,0.001696,-0.001082,0.355422
1776646971.499538,237,13.9,track,foundationpose,cardboard_box_fp,643,359,0.001745,-0.001087,0.355525,0.000418,-0.000065,-0.002362,0.00678715241884834,0.35566094517707825,0.00,0.00,0.00,0.006925,13.2,472.64,22.14,-99.49,0.001738,-0.000740,0.355661
1776646971.512969,238,13.4,track,foundationpose,cardboard_box_fp,643,359,0.001712,-0.000961,0.355541,0.000179,0.000736,-0.002057,0.00672085656685573,0.35569828748703003,0.00,0.00,0.00,0.006925,17.4,472.64,22.14,-99.49,0.001590,-0.000548,0.355698
1776646971.530556,239,17.6,track,foundationpose,cardboard_box_fp,643,357,0.001693,-0.001142,0.355487,0.000042,-0.000462,-0.002170,0.006854901889913359,0.3554306626319885,0.00,0.00,0.00,0.006925,13.0,472.64,22.14,-99.49,0.001625,-0.001741,0.355431
1776646971.543779,240,13.2,track,foundationpose,cardboard_box_fp,644,359,0.001715,-0.001001,0.355473,0.000172,0.000438,-0.002078,0.006744307779239083,0.3555217683315277,0.00,0.00,0.00,0.006925,15.2,472.64,22.14,-99.49,0.001784,-0.000526,0.355522
1776646971.559270,241,15.5,track,foundationpose,cardboard_box_fp,643,360,0.001674,-0.000755,0.355738,-0.000093,0.001881,-0.000290,0.006763186792677524,0.3566855490207672,0.00,0.00,0.00,0.006925,15.5,472.64,22.14,-99.49,0.001534,0.000011,0.356686
1776646971.574990,242,15.7,track,foundationpose,cardboard_box_fp,643,359,0.001692,-0.000681,0.355964,0.000025,0.002142,0.001087,0.006781102120579305,0.3566965162754059,0.00,0.00,0.00,0.006237,17.1,472.64,22.14,-99.49,0.001755,-0.000543,0.356697
1776646971.592281,243,17.3,track,foundationpose,cardboard_box_fp,643,358,0.001691,-0.000745,0.355880,0.000016,0.001550,0.000483,0.00685664210390121,0.35556361079216003,0.00,0.00,0.00,0.006237,14.4,472.64,22.14,-99.49,0.001687,-0.001055,0.355564
1776646971.606889,244,14.6,track,foundationpose,cardboard_box_fp,643,358,0.001706,-0.000812,0.355802,0.000101,0.001021,-0.000017,0.00678814273821886,0.3555316627025604,0.00,0.00,0.00,0.006237,14.2,472.64,22.14,-99.49,0.001751,-0.001098,0.355532
1776646971.621299,245,14.4,detect,foundationpose,cardboard_box_fp,643,360,0.001673,-0.000586,0.355709,-0.000099,0.002254,-0.000554,0.006729980599729979,0.355411171913147,0.00,0.00,0.00,0.005978,1054.9,472.64,22.14,-99.49,0.001562,0.000098,0.355411
1776646972.676455,246,1055.2,track,foundationpose,cardboard_box_fp,643,358,0.001714,-0.000816,0.354817,0.000026,0.000017,-0.000818,0.013663437538924983,0.3548083007335663,0.00,0.00,0.00,0.005978,47.3,472.64,22.14,-99.49,0.001718,-0.000890,0.354808
1776646972.724083,247,47.6,track,foundationpose,cardboard_box_fp,643,358,0.001687,-0.000954,0.354829,-0.000137,-0.000795,-0.000523,0.010740284540677068,0.35486215353012085,0.00,0.00,0.00,0.005978,30.1,472.64,22.14,-99.49,0.001669,-0.001047,0.354862
1776646972.754427,248,30.3,track,foundationpose,cardboard_box_fp,643,358,0.001487,-0.000988,0.354917,-0.001692,-0.000874,0.000299,0.009781568110686666,0.35502105951309204,0.00,0.00,0.00,0.005978,25.2,472.64,22.14,-99.49,0.001289,-0.000998,0.355021
1776646972.779903,249,25.5,track,foundationpose,cardboard_box_fp,643,358,0.001564,-0.001091,0.355061,-0.000665,-0.001556,0.001461,0.009286199243865114,0.3552282750606537,0.00,0.00,0.00,0.005978,28.5,472.64,22.14,-99.49,0.001712,-0.001189,0.355228
1776646972.808677,250,28.8,track,foundationpose,cardboard_box_fp,643,358,0.001646,-0.001086,0.355109,0.000167,-0.001145,0.001509,0.009213155635919224,0.35511597990989685,0.00,0.00,0.00,0.005978,28.4,472.64,22.14,-99.49,0.001773,-0.001023,0.355116
1776646972.837349,251,28.7,track,foundationpose,cardboard_box_fp,643,358,0.001617,-0.001179,0.355239,-0.000091,-0.001609,0.002175,0.009099799170207602,0.35535329580307007,0.00,0.00,0.00,0.005978,29.6,472.64,22.14,-99.49,0.001573,-0.001259,0.355353
1776646972.867231,252,29.9,track,foundationpose,cardboard_box_fp,643,358,0.001553,-0.001125,0.355437,-0.000522,-0.000891,0.003108,0.009000018649467765,0.3556191027164459,0.00,0.00,0.00,0.005978,24.7,472.64,22.14,-99.49,0.001469,-0.000985,0.355619
1776646972.892135,253,24.9,track,foundationpose,cardboard_box_fp,643,357,0.001563,-0.001210,0.355469,-0.000370,-0.001302,0.002811,0.008653082796425102,0.3553982973098755,0.00,0.00,0.00,0.005978,14.0,472.64,22.14,-99.49,0.001599,-0.001307,0.355398
1776646972.906406,254,14.3,track,foundationpose,cardboard_box_fp,644,358,0.001662,-0.001183,0.355542,0.000301,-0.001009,0.003020,0.007969714853404633,0.35560736060142517,0.00,0.00,0.00,0.005978,14.7,472.64,22.14,-99.49,0.001873,-0.001091,0.355607
1776646972.921360,255,15.0,track,foundationpose,cardboard_box_fp,643,358,0.001681,-0.001202,0.355583,0.000393,-0.001034,0.002999,0.00757698713899315,0.3555755615234375,0.00,0.00,0.00,0.005978,15.6,472.64,22.14,-99.49,0.001715,-0.001211,0.355576
1776646972.937167,256,15.8,track,foundationpose,cardboard_box_fp,643,358,0.001679,-0.001211,0.355607,0.000342,-0.000991,0.002849,0.007357971382621669,0.35554608702659607,0.00,0.00,0.00,0.005978,13.2,472.64,22.14,-99.49,0.001658,-0.001194,0.355546
1776646972.950679,257,13.5,track,foundationpose,cardboard_box_fp,643,358,0.001697,-0.001232,0.355655,0.000425,-0.001037,0.002908,0.007108261952010047,0.35568153858184814,0.00,0.00,0.00,0.005978,16.9,472.64,22.14,-99.49,0.001734,-0.001252,0.355682
1776646972.967833,258,17.2,track,foundationpose,cardboard_box_fp,643,357,0.001712,-0.001283,0.355666,0.000473,-0.001240,0.002668,0.007098913382198836,0.35555654764175415,0.00,0.00,0.00,0.006056,14.8,472.64,22.14,-99.49,0.001734,-0.001375,0.355557
1776646972.982874,259,15.0,track,foundationpose,cardboard_box_fp,644,358,0.001796,-0.001264,0.355662,0.000942,-0.001014,0.002399,0.00699428433910486,0.3555338978767395,0.00,0.00,0.00,0.006056,18.1,472.64,22.14,-99.49,0.002019,-0.001157,0.355534
1776646973.001245,260,18.4,track,foundationpose,cardboard_box_fp,644,358,0.001843,-0.001180,0.356014,0.001127,-0.000389,0.004259,0.007064564557788517,0.3568895161151886,0.00,0.00,0.00,0.006056,15.4,472.64,22.14,-99.49,0.001930,-0.000886,0.356890
1776646973.016900,261,15.7,track,foundationpose,cardboard_box_fp,643,359,0.001789,-0.000986,0.356294,0.000693,0.000809,0.005538,0.006987498895147147,0.3569192886352539,0.00,0.00,0.00,0.006056,14.4,472.64,22.14,-99.49,0.001576,-0.000400,0.356919
1776646973.031566,262,14.7,track,foundationpose,cardboard_box_fp,643,358,0.001733,-0.001011,0.356554,0.000300,0.000589,0.006604,0.006888483319039282,0.3570985496044159,0.00,0.00,0.00,0.006056,14.8,472.64,22.14,-99.49,0.001532,-0.001124,0.357099
1776646973.046567,263,15.0,track,foundationpose,cardboard_box_fp,643,359,0.001692,-0.000899,0.356752,0.000032,0.001202,0.007192,0.006832740745809739,0.35706013441085815,0.00,0.00,0.00,0.006056,16.3,472.64,22.14,-99.49,0.001551,-0.000577,0.357060
1776646973.063046,264,16.5,track,foundationpose,cardboard_box_fp,643,358,0.001620,-0.000865,0.356701,-0.000398,0.001284,0.006193,0.0068560797059336025,0.3561790883541107,0.00,0.00,0.00,0.006056,15.3,472.64,22.14,-99.49,0.001395,-0.000822,0.356179
1776646973.078566,265,15.5,track,foundationpose,cardboard_box_fp,644,358,0.001660,-0.000871,0.356689,-0.000123,0.001130,0.005558,0.006828135059815281,0.3563516438007355,0.00,0.00,0.00,0.006056,15.5,472.64,22.14,-99.49,0.001806,-0.000953,0.356352
1776646973.094319,266,15.8,track,foundationpose,cardboard_box_fp,643,359,0.001583,-0.000800,0.356625,-0.000567,0.001442,0.004672,0.0068169447645163835,0.3561507761478424,0.00,0.00,0.00,0.006056,13.2,472.64,22.14,-99.49,0.001345,-0.000633,0.356151
1776646973.107728,267,13.4,track,foundationpose,cardboard_box_fp,643,358,0.001574,-0.000882,0.356583,-0.000575,0.000850,0.004057,0.00670677441541965,0.35623860359191895,0.00,0.00,0.00,0.006056,16.2,472.64,22.14,-99.49,0.001569,-0.001213,0.356239
1776646973.124175,268,16.4,track,foundationpose,cardboard_box_fp,643,359,0.001544,-0.000816,0.356528,-0.000690,0.001156,0.003351,0.006760918273040442,0.356141060590744,0.00,0.00,0.00,0.006056,16.2,472.64,22.14,-99.49,0.001482,-0.000648,0.356141
1776646973.140617,269,16.4,track,foundationpose,cardboard_box_fp,643,358,0.001534,-0.000814,0.356460,-0.000683,0.001056,0.002632,0.006796926311733767,0.3560691773891449,0.00,0.00,0.00,0.006056,14.1,472.64,22.14,-99.49,0.001538,-0.000868,0.356069
1776646973.154992,270,14.4,track,foundationpose,cardboard_box_fp,643,358,0.001505,-0.000805,0.356409,-0.000798,0.001019,0.002118,0.006731864819493641,0.35612183809280396,0.00,0.00,0.00,0.006056,15.0,472.64,22.14,-99.49,0.001441,-0.000826,0.356122
1776646973.170265,271,15.3,track,foundationpose,cardboard_box_fp,643,357,0.001561,-0.000908,0.356542,-0.000400,0.000331,0.002703,0.006724956003303809,0.3568691909313202,0.00,0.00,0.00,0.006056,14.7,472.64,22.14,-99.49,0.001784,-0.001293,0.356869
1776646973.185235,272,15.0,track,foundationpose,cardboard_box_fp,642,360,0.001427,-0.000680,0.356659,-0.001143,0.001624,0.003149,0.00670683694885544,0.3569110035896301,0.00,0.00,0.00,0.006056,17.1,472.64,22.14,-99.49,0.001008,0.000048,0.356911
1776646973.202530,273,17.3,track,foundationpose,cardboard_box_fp,643,358,0.001467,-0.000784,0.356508,-0.000800,0.000863,0.001960,0.0067935207138428745,0.35585832595825195,0.00,0.00,0.00,0.006056,13.6,472.64,22.14,-99.49,0.001654,-0.001200,0.355858
1776646973.216354,274,13.8,track,foundationpose,cardboard_box_fp,642,360,0.001399,-0.000624,0.356336,-0.001129,0.001718,0.000808,0.006703960075582497,0.35568439960479736,0.00,0.00,0.00,0.006056,18.7,472.64,22.14,-99.49,0.001212,-0.000140,0.355684
1776646973.235289,275,18.9,track,foundationpose,cardboard_box_fp,643,359,0.001396,-0.000589,0.356456,-0.001020,0.001731,0.001409,0.006859785068446599,0.3567773401737213,0.00,0.00,0.00,0.006056,14.4,472.64,22.14,-99.49,0.001455,-0.000583,0.356777
1776646973.249905,276,14.6,track,foundationpose,cardboard_box_fp,643,359,0.001369,-0.000492,0.356541,-0.001092,0.002146,0.001778,0.006781710598720101,0.3567448854446411,0.00,0.00,0.00,0.006056,16.7,472.64,22.14,-99.49,0.001329,-0.000262,0.356745
1776646973.266824,277,16.9,track,foundationpose,cardboard_box_fp,642,359,0.001299,-0.000492,0.356336,-0.001389,0.001934,0.000432,0.006825363297082537,0.35560333728790283,0.00,0.00,0.00,0.006056,13.7,472.64,22.14,-99.49,0.001137,-0.000608,0.355603
1776646973.280694,278,13.9,track,foundationpose,cardboard_box_fp,643,357,0.001316,-0.000683,0.356172,-0.001180,0.000684,-0.000544,0.006725350565831644,0.3556208908557892,0.00,0.00,0.00,0.006348,17.5,472.64,22.14,-99.49,0.001433,-0.001389,0.355621
1776646973.298462,279,17.8,track,foundationpose,cardboard_box_fp,643,358,0.001323,-0.000771,0.356015,-0.001017,0.000110,-0.001388,0.006822339244467804,0.35555580258369446,0.00,0.00,0.00,0.006348,13.6,472.64,22.14,-99.49,0.001412,-0.001084,0.355556
1776646973.312314,280,13.9,track,foundationpose,cardboard_box_fp,644,358,0.001517,-0.000806,0.355930,0.000177,-0.000101,-0.001771,0.00672239976520164,0.35571303963661194,0.00,0.00,0.00,0.006348,14.5,472.64,22.14,-99.49,0.002192,-0.000925,0.355713
